<?xml version="1.0" encoding="UTF-8"?>
<!DOCTYPE mapper PUBLIC "-//mybatis.org//DTD Mapper 3.0//EN" "http://mybatis.org/dtd/mybatis-3-mapper.dtd" >
<mapper namespace="category">

   	<insert id="insertRecipeCategory">
   		insert into recipe_food_category(recipe_id, food_category_id)
   		values (#{recipeId}, #{foodCategoryId}) 
   	</insert>
   	
   	<insert id="insertUserFavoriteCategory">
   		insert into favorite_category(user_id, food_category_id)
   		values (#{userId}, #{foodCategoryId})
   	</insert>
   	
   	<delete id="deleteUserFavoriteCategory">
   		delete from 
   			favorite_category
   		where
   			user_id = #{userId}
   	</delete>
   	
   	<select id="selectRecipeCategoryName" resultType="String">
   		select food_category_name as foodCategoryName
   		from 
   			recipe_food_category as r 
   				,
   			food_category as f
   		where 
   			r.food_category_id = f.food_category_id
   				and
   			r.recipe_id = #{recipeId} 
   	</select>
   	
   	<select id="selectRecipeCategoryId" resultType="Integer">
   		select f.food_category_id as foodCategoryId
   		from 
   			recipe_food_category as r 
   				,
   			food_category as f
   		where 
   			r.food_category_id = f.food_category_id
   				and
   			r.recipe_id = #{recipeId} 
   	</select>
   	
   	<select id="selectUserFavoriteCategory" resultType="Long">
   		select 
   			food_category_id as foodCategoryId
   		from
   			favorite_category
   		where
   			user_id = #{userId}
   	</select>
   	
   	<delete id="deleteRecipeCategory">
   		delete from
   			recipe_food_category
   		where
   			recipe_id = #{recipeId}
   	</delete>
   	
   	<select id="selectRandomCategoryByUserId" resultType="FoodCategoryDto">
   		select food_category_id AS foodCategoryId, food_category_name AS foodCategoryName
		from favorite_category JOIN food_category using(food_category_id)
		where user_id = #{userId} order by rand() limit 1
	</select>
   	
</mapper>
