<?xml version="1.0" encoding="UTF-8"?>
<!DOCTYPE mapper PUBLIC "-//mybatis.org//DTD Mapper 3.0//EN" "http://mybatis.org/dtd/mybatis-3-mapper.dtd" >
<mapper namespace="online">

	<insert id="insert">
		insert into 
			online (user_id, title, content, date ,type
				<if test='link != "null"'>
				, link
				</if>
				<if test='thumbnailSrc != "null"'>
				, thumbnail_src
				</if>
				<if test='video != "null"'>
				, video
				</if>
			 )
		values
			(#{userId}, #{title}, #{content}, #{date}, #{type}
				<if test='link != "null"'>
				, #{link}
				</if>
				<if test='thumbnailSrc != "null"'>
				, #{thumbnailSrc}
				</if>
				<if test='video != "null"'>
				, #{video}
				</if>
			)
	</insert>
	
	<update id="update">
		update 
			online
		set
			title=#{title}, content=#{content}, date=#{date}, type=#{type}
			<if test='link != "null"'>
			, link = #{link}
			</if>
			<if test='link == "null"'>
			, link = NULL
			</if>
			<if test='thumbnailSrc != "null"'>
			,  thumbnail_src = #{thumbnailSrc}
			</if>
			<if test='thumbnailSrc == "null"'>
			,  thumbnail_src = NULL
			</if>
			<if test='video != "null"'>
			,video =  #{video}
			</if>
			<if test='video == "null"'>
			,video =  NULL
			</if>
		where
			online_id = #{onlineId}
	</update>

	<select id="selectAll" resultType="OnlineDto">
		select 
			online_id as onlineId, user_id as userId, title, content, date, type,
			 thumbnail_src as thumbnailSrc, link, video 
		FROM
			online
		order by online_id desc
		LIMIT #{startIndex}, 6
	</select>
	
	
	<select id="selectOnline" resultType="OnlineDto">
		select 
			online_id as onlineId, user_id as userId, title,content, type, date,
			link, thumbnail_src as thumbnailSrc, video
		from 
			online 
		where 
			online_id = #{onlineId}
	</select>
	
	<delete id="delete">
		delete from online where online_id = #{onlineId}
	</delete>
	
	
	
	
	<select id="selectOnlineByUserid" resultType="OnlineDto">
		select 
			online_id as onlineId, user_id as userId, title,content, type, date,
			link, thumbnail_src as thumbnailSrc, video
		from
			online
		where
			user_id = #{userId}
		order by 
			online_id desc
	</select>
	
	<select id="selectOnlineByMeetJoinUserid" resultType="OnlineDto">
		select 
			online_id as onlineId, user_id as userId, title,content, type, date,
			link, thumbnail_src as thumbnailSrc, video
		FROM
			online
		where
			online_id in(select online_id from meet_join where user_id=#{user_id} ) 
		order by online_id desc
	</select>
	
	<select id="selectOnlineJoinList" resultType="MeetJoinDto">
		select 
			meet_join_id as meetJoinId, online_id as onlineId, user_id as userId, nickname, profile_photo as profilePhoto
		FROM
			meet_join join user using(user_id)
		where online_id = #{onlineId}
	</select>
	
	
	<insert id="insertOnlineJoin">
		insert into 
			meet_join (online_id, user_id)
		values 
			(#{onlineId}, #{userId})
	</insert>
	
	<delete id="deleteOnlineJoin">
		delete from 
			meet_join 
		where 
			online_id = #{onlineId} and user_id =#{userId}
	</delete>
	
	<select id="selectOnlineByType" resultType="OnlineDto">
		select 
			online_id as onlineId, user_id as userId, title,content, type, date,
			link, thumbnail_src as thumbnailSrc, video
		FROM
			online
		where
			type = #{type}
		order by online_id desc
		LIMIT #{startIndex}, 12
	</select>
	
	<select id="selectOnlineTotalByType" resultType="Long">
		select 
			count(online_id)
		FROM
			online
		where
			type = #{type}
	</select>
	
	<!-- <select id="selectOnlineJoinList" resultType="Long">
		select user_id as userId
		from meet_join
		where online_id = #{onlineId}
	</select> -->
	
	
</mapper>
