<?xml version="1.0" encoding="UTF-8"?>
<!DOCTYPE mapper PUBLIC "-//mybatis.org//DTD Mapper 3.0//EN" "http://mybatis.org/dtd/mybatis-3-mapper.dtd" >
<mapper namespace="report">
	<insert id="insert">
		insert into report_recipe (recipe_id, user_id, reason) 
		values (#{recipeId}, #{userId}, #{reason})
	</insert>
	
	<select id="selectAll" resultType="ReportRecipeDto">
		select report_recipe_id as reportRecipeId, recipe_id as recipeId, user_id as userId, nickname, reason
		from report_recipe join user using(user_id)
	</select>
	
	<delete id="delete">
		delete from report_recipe
		where recipe_id = #{recipeId} and user_id = #{userId}
	</delete>

	<delete id="deleteByAdmin">
		delete from report_recipe where report_recipe_id = #{reportRecipeId};
	</delete>
	
	<select id="selectReportRecipe" resultType="Boolean">
		select COUNT(*) > 0 from report_recipe
		where recipe_id = #{recipeId} and user_id = #{userId}
	</select>
	
	
</mapper>
