<?xml version="1.0" encoding="UTF-8"?>
<!DOCTYPE mapper PUBLIC "-//mybatis.org//DTD Mapper 3.0//EN" "http://mybatis.org/dtd/mybatis-3-mapper.dtd" >
<mapper namespace="user">
	<insert id="insert">
		insert into user (email, password, nickname)
		values (#{email}, #{password}, #{nickname})
	</insert>

	<update id="update">
		update user set
		password = #{password}, nickname = #{nickname}, detail = #{detail}, profile_photo = #{profilePhoto}
		where email = #{email}
	</update>
	
	<update id="updateByAdmin">
		update user set
		nickname=#{nickname},detail = #{detail}, profile_photo = #{profilePhoto}
		where user_id = #{userId}
	</update>
	
	<update id="updateAuth">
		update user set
		auth = 1
		where email = #{email}
	</update>

	<delete id="delete">
		delete from user where email =#{email}
	</delete>
	
	<delete id="deleteByUserId">
		delete from user where user_id = #{userId}
	</delete>
 
	<select id="select" resultType="UserDto">
		select user_id as userId, email, password, nickname, detail, profile_photo as profilePhoto
		from user where email= #{email}
	</select>
	
	<select id="selectNickname" resultType="UserDto">
		select user_id as userId, email, password, nickname, detail, profile_photo as profilePhoto
		from user where nickname= #{nickname}
	</select>
	
	<select id="selectUserId" resultType="UserDto">
		select user_id as userId, email, password, nickname, detail, profile_photo as profilePhoto
		from user where user_id= #{userId}
	</select>

	<select id="selectAll" resultType="UserDto">
		select user_id as userId, email, password, nickname, detail, profile_photo as profilePhoto
		from user
	</select>

	<select id="login" resultType="UserDto">
		select user_id as userId, email, password, nickname, auth, detail, profile_photo as profilePhoto
		from user where email= #{email} and password = #{password}
	</select>
	
	<select id="selectUseridByEmail" resultType="long">
		select user_id from user where email= #{email}
	</select>
	
	
	<select id="selectTotalRecipe" resultType="Integer">
		select count(recipe_id) from recipe where user_id = #{userId}
	</select>
	
	<select id="selectTotalLike" resultType="Integer">
		select count(like_id) from like_recipe where user_id =#{userId}
	</select>
	
	<select id="selectTotalMeet" resultType="Integer">
		select count(meet_join_id) from meet_join where user_id = #{user_id}
	</select>
	
</mapper>