<?xml version="1.0" encoding="UTF-8"?>
<!DOCTYPE mapper PUBLIC "-//mybatis.org//DTD Mapper 3.0//EN" "http://mybatis.org/dtd/mybatis-3-mapper.dtd" >
<mapper namespace="versus">
	<insert id="insert">
		insert into versus (title, content, user_id, 
			recipe_id_1, recipe_id_2, recipe_id_3, recipe_id_4,
			recipe_id_5, recipe_id_6, recipe_id_7, recipe_id_8,
			recipe_id_9, recipe_id_10, recipe_id_11, recipe_id_12,
			recipe_id_13, recipe_id_14, recipe_id_15, recipe_id_16
		) 
		values (#{title}, #{content}, #{userId}
		<foreach collection="recipeIdList" item="recipeId">
			, #{recipeId.value}
		</foreach>
		)
	</insert>
	
	<select id="selectAllVersus" resultType="VersusResponseDto">
		select 
			versus_id AS versusId, title, r1.recipe_thumbnail_src AS recipeThumbnail1, r2.recipe_thumbnail_src AS recipeThumbnail2
		FROM
			versus JOIN recipe AS r1 ON (recipe_id_1 = r1.recipe_id) JOIN recipe AS r2 ON (recipe_id_2 = r2.recipe_id)
		order by versus_id desc
		LIMIT #{startIndex}, 6
	</select>
	
 	<select id="selectVersus" resultType="VersusViewResponseDto">
		select
			versus_id as versusId, title, content, user_id AS userId,
			recipe_id_1, recipe_id_2, recipe_id_3, recipe_id_4,
			recipe_id_5, recipe_id_6, recipe_id_7, recipe_id_8,
			recipe_id_9, recipe_id_10, recipe_id_11, recipe_id_12,
			recipe_id_13, recipe_id_14, recipe_id_15, recipe_id_16
		from
			versus
		where versus_id = #{versusId}
	</select>
	
	<select id="selectVersusRecipe" resultType="recipeDto"> 
		select
			recipe_id as recipeId, recipe_name as recipeName, recipe_thumbnail_src as recipeThumbnailSrc
		from
			recipe
		where
			recipe_id in (null
				<foreach collection="recipeIdList" item="recipeId">
					, #{recipeId.value}
				</foreach>
			)
	</select>
	
	<insert id="insertVersusPoint">
		insert into versus_point (versus_id, recipe_id) 
		values (#{versusId}, #{recipeId})
	</insert>
	
	<delete id="delete">
		delete from versus where versus_id = #{versusId}
	</delete>
	
	<select id="selectVersusResult" resultType="VersusPointDto"> 
		SELECT recipe_id AS recipeId, COUNT(*) AS count, 
			recipe_name AS recipeName, recipe_thumbnail_src AS recipeThumbnailSrc
		FROM versus_point JOIN recipe USING(recipe_id)
		WHERE versus_id = #{versusId}
		GROUP BY recipe_id 
		ORDER BY COUNT(*) desc
	</select>
	
	<select id="selectTop3VersusResult" resultType="VersusPointDto"> 
		SELECT recipe_id AS recipeId, COUNT(*) AS count, 
			recipe_name AS recipeName, recipe_thumbnail_src AS recipeThumbnailSrc, avg_rating AS avgRating,
			cook_time as cookTime, level
		FROM versus_point JOIN recipe USING(recipe_id)
		GROUP BY recipe_id 
		ORDER BY COUNT(*) desc
		LIMIT 3
	</select>
	
	
</mapper>
